YearSiteVisit,FlightDate,year,siteid,flightdate,domanID,siteID,domainName,flightbxID
2013_SOAP_1,2013061216,2013,SOAP,2013-06-12,D17,BIGC,Pacific Southwest,D17_SOAP_R1_P1_v2
2013_TEAK_1,2013061416,2013,TEAK,2013-06-14,D17,TECR,Pacific Southwest,D17_TEAK_R2_P1_v3
2013_TEAK_1,2013061517,2013,TEAK,2013-06-15,D17,TECR,Pacific Southwest,D17_TEAK_R2_P1_v3
2014_JERC_1,2014052114,2014,JERC,2014-05-21,D03,FLNT,Southeast,D03_JERC_R2_P1_v1
2015_GRSM_1,2015081314,2015,GRSM,2015-08-13,D07,LECO,Appalachians & Cumberland Plateau,D07_GRSM_R1_P1_all_v1
2015_GRSM_1,2015081411,2015,GRSM,2015-08-14,D07,LECO,Appalachians & Cumberland Plateau,D07_GRSM_R1_P1_all_v1
2015_GRSM_1,2015080513,2015,GRSM,2015-08-05,D07,LECO,Appalachians & Cumberland Plateau,D07_GRSM_R1_P1_all_v1
2015_GRSM_1,2015080313,2015,GRSM,2015-08-03,D07,LECO,Appalachians & Cumberland Plateau,D07_GRSM_R1_P1_all_v1
2015_GRSM_1,2015081611,2015,GRSM,2015-08-16,D07,LECO,Appalachians & Cumberland Plateau,D07_GRSM_R1_P1_all_v1
2015_GRSM_1,2015080413,2015,GRSM,2015-08-04,D07,LECO,Appalachians & Cumberland Plateau,D07_GRSM_R1_P1_all_v1
2015_TALL_1,2015071713,2015,TALL,2015-07-17,D08,MAYF,Ozarks Complex,D08_TALL_C1_P1_v1
2015_TALL_1,2015071813,2015,TALL,2015-07-18,D08,MAYF,Ozarks Complex,D08_TALL_C1_P1_v1
2015_TALL_1,2015072013,2015,TALL,2015-07-20,D08,MAYF,Ozarks Complex,D08_TALL_C1_P1_v1
2015_TALL_1,2015071913,2015,TALL,2015-07-19,D08,MAYF,Ozarks Complex,D08_TALL_C1_P1_v1
2015_TALL_1,2015071614,2015,TALL,2015-07-16,D08,MAYF,Ozarks Complex,D08_TALL_C1_P1_v1
2015_DELA_1,2015072213,2015,DELA,2015-07-22,D08,BLWA,Ozarks Complex,D08_DELA_R1_P1_v1
2015_DELA_1,2015072613,2015,DELA,2015-07-26,D08,BLWA,Ozarks Complex,D08_DELA_R1_P1_v1
2015_DELA_1,2015072513,2015,DELA,2015-07-25,D08,BLWA,Ozarks Complex,D08_DELA_R1_P1_v1
2015_LENO_1,2015072013,2015,LENO,2015-07-20,D08,TOMB,Ozarks Complex,D08_LENO_R2_P1_v1
2015_LENO_1,2015072513,2015,LENO,2015-07-25,D08,TOMB,Ozarks Complex,D08_LENO_R2_P1_v1
2015_LENO_1,2015072112,2015,LENO,2015-07-21,D08,TOMB,Ozarks Complex,D08_LENO_R2_P1_v1
2016_HOPB_1,2016081813,2016,HOPB,2016-08-18,D01,HOPB,Northeast,D01_HOPB_C1_P2_v1
2016_DELA_2,2016050713,2016,DELA,2016-05-07,D08,BLWA,Ozarks Complex,D08_DELA_R1_P1_v1
2016_DELA_2,2016050813,2016,DELA,2016-05-08,D08,BLWA,Ozarks Complex,D08_DELA_R1_P1_v1
2016_WOOD_1,2016063017,2016,WOOD,2016-06-30,D09,PRLA,Northern Plains,D09_WOOD_DCFS_C1_P1_v2
2016_WOOD_1,2016063017,2016,WOOD,2016-06-30,D09,PRPO,Northern Plains,D09_WOOD_DCFS_C1_P1_v2
2016_WOOD_1,2016062913,2016,WOOD,2016-06-29,D09,PRLA,Northern Plains,D09_WOOD_DCFS_C1_P1_v2
2016_WOOD_1,2016062913,2016,WOOD,2016-06-29,D09,PRPO,Northern Plains,D09_WOOD_DCFS_C1_P1_v2
2016_LENO_2,2016050813,2016,LENO,2016-05-08,D08,TOMB,Ozarks Complex,D08_LENO_R2_P1_v1
2016_LENO_2,2016051413,2016,LENO,2016-05-14,D08,TOMB,Ozarks Complex,D08_LENO_R2_P1_v1
2016_TALL_2,2016050713,2016,TALL,2016-05-07,D08,MAYF,Ozarks Complex,D08_TALL_C1_P1_v1
2016_TALL_2,2016050614,2016,TALL,2016-05-06,D08,MAYF,Ozarks Complex,D08_TALL_C1_P1_v1
2016_SCBI_1,2016072113,2016,SCBI,2016-07-21,D02,POSE,Mid-Atlantic,D02_SCBI_C1_P1_v1
2016_SCBI_1,2016072013,2016,SCBI,2016-07-20,D02,POSE,Mid-Atlantic,D02_SCBI_C1_P1_v1
2016_SCBI_1,2016072313,2016,SCBI,2016-07-23,D02,POSE,Mid-Atlantic,D02_SCBI_C1_P1_v1
2016_GRSM_2,2016061018,2016,GRSM,2016-06-10,D07,LECO,Appalachians & Cumberland Plateau,D07_GRSM_R1_P1_all_v1
2016_GRSM_2,2016060817,2016,GRSM,2016-06-08,D07,LECO,Appalachians & Cumberland Plateau,D07_GRSM_R1_P1_all_v1
2016_GRSM_2,2016060812,2016,GRSM,2016-06-08,D07,LECO,Appalachians & Cumberland Plateau,D07_GRSM_R1_P1_all_v1
2016_GRSM_2,2016061413,2016,GRSM,2016-06-14,D07,LECO,Appalachians & Cumberland Plateau,D07_GRSM_R1_P1_all_v1
2016_GRSM_2,2016061112,2016,GRSM,2016-06-11,D07,LECO,Appalachians & Cumberland Plateau,D07_GRSM_R1_P1_all_v1
2016_GRSM_2,2016061013,2016,GRSM,2016-06-10,D07,LECO,Appalachians & Cumberland Plateau,D07_GRSM_R1_P1_all_v1
2016_GRSM_2,2016060913,2016,GRSM,2016-06-09,D07,LECO,Appalachians & Cumberland Plateau,D07_GRSM_R1_P1_all_v1
2016_UNDE_1,2016090214,2016,UNDE,2016-09-02,D05,CRAM,Great Lakes,D05_UNDE_C1_P1_v1
2016_BLAN_1,2016080717,2016,BLAN,2016-08-07,D02,LEWI,Mid-Atlantic,D02_BLAN_R2_P1_v1
2016_BLAN_1,2016080812,2016,BLAN,2016-08-08,D02,LEWI,Mid-Atlantic,D02_BLAN_R2_P1_v1
2016_BLAN_1,2016072715,2016,BLAN,2016-07-27,D02,LEWI,Mid-Atlantic,D02_BLAN_R2_P1_v1
2016_KONZ_1,2016071114,2016,KONZ,2016-07-11,D06,KING,Prairie Peninsula,D06_KONZ_KONA_C1_P1_v2
2016_KONZ_1,2016071514,2016,KONZ,2016-07-15,D06,KING,Prairie Peninsula,D06_KONZ_KONA_C1_P1_v2
2016_KONZ_1,2016071714,2016,KONZ,2016-07-17,D06,KING,Prairie Peninsula,D06_KONZ_KONA_C1_P1_v2
2016_JERC_2,2016092012,2016,JERC,2016-09-20,D03,FLNT,Southeast,D03_JERC_R2_P1_v1
2016_JERC_2,2016092212,2016,JERC,2016-09-22,D03,FLNT,Southeast,D03_JERC_R2_P1_v1
2016_OSBS_2,2016092313,2016,OSBS,2016-09-23,D03,BARC,Southeast,D03_OSBS_C1_P1_v1
2016_OSBS_2,2016092313,2016,OSBS,2016-09-23,D03,SUGG,Southeast,D03_OSBS_C1_P1_v1
2016_PRIN_2,2016042414,2016,PRIN,2016-04-24,D11,PRIN,Southern Plains,D11_PRIN_C1_P2_v2
2016_PRIN_2,2016042714,2016,PRIN,2016-04-27,D11,PRIN,Southern Plains,D11_PRIN_C1_P2_v2
2017_BLAN_2,2017073018,2017,BLAN,2017-07-30,D02,LEWI,Mid-Atlantic,D02_BLAN_R2_P1_v1
2017_BLAN_2,2017080113,2017,BLAN,2017-08-01,D02,LEWI,Mid-Atlantic,D02_BLAN_R2_P1_v1
2017_LENO_3,2017051717,2017,LENO,2017-05-17,D08,TOMB,Ozarks Complex,D08_LENO_R2_P1_v1
2017_LENO_3,2017052514,2017,LENO,2017-05-25,D08,TOMB,Ozarks Complex,D08_LENO_R2_P1_v1
2017_JERC_3,2017091714,2017,JERC,2017-09-17,D03,FLNT,Southeast,D03_JERC_R2_P1_v1
2017_JERC_3,2017091813,2017,JERC,2017-09-18,D03,FLNT,Southeast,D03_JERC_R2_P1_v1
2017_DELA_3,2017051617,2017,DELA,2017-05-16,D08,BLWA,Ozarks Complex,D08_DELA_R1_P1_v1
2017_DELA_3,2017052613,2017,DELA,2017-05-26,D08,BLWA,Ozarks Complex,D08_DELA_R1_P1_v1
2017_DELA_3,2017051513,2017,DELA,2017-05-15,D08,BLWA,Ozarks Complex,D08_DELA_R1_P1_v1
2017_TOOL_1,2017071418,2017,TOOL,2017-07-14,D18,TOOK,Tundra,D18_TOOL_C1_P1_v1
2017_TOOL_1,2017072820,2017,TOOL,2017-07-28,D18,TOOK,Tundra,D18_TOOL_C1_P1_v1
2017_TOOL_1,2017071318,2017,TOOL,2017-07-13,D18,TOOK,Tundra,D18_TOOL_C1_P1_v1
2017_TOOL_1,2017071818,2017,TOOL,2017-07-18,D18,TOOK,Tundra,D18_TOOL_C1_P1_v1
2017_TEAK_2,2017062815,2017,TEAK,2017-06-28,D17,TECR,Pacific Southwest,D17_TEAK_R2_P1_v3
2017_TEAK_2,2017062915,2017,TEAK,2017-06-29,D17,TECR,Pacific Southwest,D17_TEAK_R2_P1_v3
2017_TEAK_2,2017062715,2017,TEAK,2017-06-27,D17,TECR,Pacific Southwest,D17_TEAK_R2_P1_v3
2017_TEAK_2,2017063016,2017,TEAK,2017-06-30,D17,TECR,Pacific Southwest,D17_TEAK_R2_P1_v3
2017_SCBI_2,2017073013,2017,SCBI,2017-07-30,D02,POSE,Mid-Atlantic,D02_SCBI_C1_P1_v1
2017_WOOD_2,2017062614,2017,WOOD,2017-06-26,D09,PRLA,Northern Plains,D09_WOOD_DCFS_C1_P1_v2
2017_WOOD_2,2017062614,2017,WOOD,2017-06-26,D09,PRPO,Northern Plains,D09_WOOD_DCFS_C1_P1_v2
2017_WOOD_2,2017061914,2017,WOOD,2017-06-19,D09,PRLA,Northern Plains,D09_WOOD_DCFS_C1_P1_v2
2017_WOOD_2,2017061914,2017,WOOD,2017-06-19,D09,PRPO,Northern Plains,D09_WOOD_DCFS_C1_P1_v2
2017_WOOD_2,2017062117,2017,WOOD,2017-06-21,D09,PRLA,Northern Plains,D09_WOOD_DCFS_C1_P1_v2
2017_WOOD_2,2017062117,2017,WOOD,2017-06-21,D09,PRPO,Northern Plains,D09_WOOD_DCFS_C1_P1_v2
2017_ARIK_1,2017052514,2017,ARIK,2017-05-25,D10,ARIK,Central Plains,D10_ARIK_A1_P2_v2
2017_ARIK_1,2017052214,2017,ARIK,2017-05-22,D10,ARIK,Central Plains,D10_ARIK_A1_P2_v2
2017_PRIN_3,2017050214,2017,PRIN,2017-05-02,D11,PRIN,Southern Plains,D11_PRIN_C1_P2_v2
2017_WREF_1,2017061916,2017,WREF,2017-06-19,D16,MART,Pacific Northwest,D16_WREF_C1_P1_v2
2017_WREF_1,2017062215,2017,WREF,2017-06-22,D16,MART,Pacific Northwest,D16_WREF_C1_P1_v2
2017_WREF_1,2017062122,2017,WREF,2017-06-21,D16,MART,Pacific Northwest,D16_WREF_C1_P1_v2
2017_WREF_1,2017062117,2017,WREF,2017-06-21,D16,MART,Pacific Northwest,D16_WREF_C1_P1_v2
2017_NIWO_1,2017090415,2017,NIWO,2017-09-04,D13,COMO,Southern Rockies & Colorado Plateau,D13_NIWO_C1_P1_v2
2017_NIWO_1,2017090615,2017,NIWO,2017-09-06,D13,COMO,Southern Rockies & Colorado Plateau,D13_NIWO_C1_P1_v2
2017_NIWO_1,2017092118,2017,NIWO,2017-09-21,D13,COMO,Southern Rockies & Colorado Plateau,D13_NIWO_C1_P1_v2
2017_MCDI_1,2017060516,2017,MCDI,2017-06-05,D06,MCDI,Prairie Peninsula,D06_MCDI_C1_P2_v1
2017_KONZ_2,2017060914,2017,KONZ,2017-06-09,D06,KING,Prairie Peninsula,D06_KONZ_KONA_C1_P1_v2
2017_KONZ_2,2017060516,2017,KONZ,2017-06-05,D06,KING,Prairie Peninsula,D06_KONZ_KONA_C1_P1_v2
2017_TALL_3,2017051413,2017,TALL,2017-05-14,D08,MAYF,Ozarks Complex,D08_TALL_C1_P1_v1
2017_WLOU_1,2017091315,2017,WLOU,2017-09-13,D13,WLOU,Southern Rockies & Colorado Plateau,D13_WLOU_A1_P1_v1
2017_SOAP_2,2017062715,2017,SOAP,2017-06-27,D17,BIGC,Pacific Southwest,D17_SOAP_R1_P1_v2
2017_SOAP_2,2017062615,2017,SOAP,2017-06-26,D17,BIGC,Pacific Southwest,D17_SOAP_R1_P1_v2
2017_BONA_1,2017073118,2017,BONA,2017-07-31,D19,CARI,Taiga,D19_BONA_C1_P1_v1
2017_BONA_1,2017080518,2017,BONA,2017-08-05,D19,CARI,Taiga,D19_BONA_C1_P1_v1
2017_BONA_1,2017080618,2017,BONA,2017-08-06,D19,CARI,Taiga,D19_BONA_C1_P1_v1
2017_LIRO_1,2017091117,2017,LIRO,2017-09-11,D05,LIRO,Great Lakes,D05_LIRO_A1_P2_v1
2017_HOPB_2,2017082315,2017,HOPB,2017-08-23,D01,HOPB,Northeast,D01_HOPB_C1_P2_v1
2017_REDB_1,2017053115,2017,REDB,2017-05-31,D15,REDB,Great Basin,D15_REDB_A1_P1_v1
2017_OSBS_3,2017092713,2017,OSBS,2017-09-27,D03,BARC,Southeast,D03_OSBS_C1_P1_v1
2017_OSBS_3,2017092713,2017,OSBS,2017-09-27,D03,SUGG,Southeast,D03_OSBS_C1_P1_v1
2017_UNDE_2,2017091214,2017,UNDE,2017-09-12,D05,CRAM,Great Lakes,D05_UNDE_C1_P1_v1
2017_UNDE_2,2017090118,2017,UNDE,2017-09-01,D05,CRAM,Great Lakes,D05_UNDE_C1_P1_v1
2017_BLUE_1,2017050613,2017,BLUE,2017-05-06,D11,BLUE,Southern Plains,D11_BLUE_A2_P1_v1
2017_BLUE_1,2017050613,2017,BLUE,2017-05-06,D11,BLUE,Southern Plains,D11_BLUE_A2_P2_v2
2017_GRSM_3,2017101914,2017,GRSM,2017-10-19,D07,LECO,Appalachians & Cumberland Plateau,D07_GRSM_R1_P1_all_v1
2017_GRSM_3,2017100614,2017,GRSM,2017-10-06,D07,LECO,Appalachians & Cumberland Plateau,D07_GRSM_R1_P1_all_v1
2017_GRSM_3,2017102615,2017,GRSM,2017-10-26,D07,LECO,Appalachians & Cumberland Plateau,D07_GRSM_R1_P1_all_v1
2017_GRSM_3,2017102014,2017,GRSM,2017-10-20,D07,LECO,Appalachians & Cumberland Plateau,D07_GRSM_R1_P1_all_v1
2017_GRSM_3,2017101715,2017,GRSM,2017-10-17,D07,LECO,Appalachians & Cumberland Plateau,D07_GRSM_R1_P1_all_v1
2017_GRSM_3,2017101216,2017,GRSM,2017-10-12,D07,LECO,Appalachians & Cumberland Plateau,D07_GRSM_R1_P1_all_v1
2017_GRSM_3,2017100516,2017,GRSM,2017-10-05,D07,LECO,Appalachians & Cumberland Plateau,D07_GRSM_R1_P1_all_v1
2018_WREF_2,2018071215,2018,WREF,2018-07-12,D16,MART,Pacific Northwest,D16_WREF_C1_P1_v2
2018_WREF_2,2018071115,2018,WREF,2018-07-11,D16,MART,Pacific Northwest,D16_WREF_C1_P1_v2
2018_WREF_2,2018070816,2018,WREF,2018-07-08,D16,MART,Pacific Northwest,D16_WREF_C1_P1_v2
2018_SOAP_3,2018061118,2018,SOAP,2018-06-11,D17,BIGC,Pacific Southwest,D17_SOAP_R1_P1_v2
2018_SOAP_3,2018061216,2018,SOAP,2018-06-12,D17,BIGC,Pacific Southwest,D17_SOAP_R1_P1_v2
2018_NIWO_2,2018081114,2018,NIWO,2018-08-11,D13,COMO,Southern Rockies & Colorado Plateau,D13_NIWO_C1_P1_v2
2018_NIWO_2,2018073115,2018,NIWO,2018-07-31,D13,COMO,Southern Rockies & Colorado Plateau,D13_NIWO_C1_P1_v2
2018_NIWO_2,2018081014,2018,NIWO,2018-08-10,D13,COMO,Southern Rockies & Colorado Plateau,D13_NIWO_C1_P1_v2
2018_NIWO_2,2018081315,2018,NIWO,2018-08-13,D13,COMO,Southern Rockies & Colorado Plateau,D13_NIWO_C1_P1_v2
2018_TOOL_2,2018070717,2018,TOOL,2018-07-07,D18,TOOK,Tundra,D18_TOOL_C1_P1_v1
2018_TOOL_2,2018072118,2018,TOOL,2018-07-21,D18,TOOK,Tundra,D18_TOOL_C1_P1_v1
2018_TOOL_2,2018072017,2018,TOOL,2018-07-20,D18,TOOK,Tundra,D18_TOOL_C1_P1_v1
2018_TOOL_2,2018072418,2018,TOOL,2018-07-24,D18,TOOK,Tundra,D18_TOOL_C1_P1_v1
2018_TOOL_2,2018072317,2018,TOOL,2018-07-23,D18,TOOK,Tundra,D18_TOOL_C1_P1_v1
2018_BONA_2,2018080920,2018,BONA,2018-08-09,D19,CARI,Taiga,D19_BONA_C1_P1_v1
2018_BONA_2,2018062421,2018,BONA,2018-06-24,D19,CARI,Taiga,D19_BONA_C1_P1_v1
2018_BONA_2,2018081118,2018,BONA,2018-08-11,D19,CARI,Taiga,D19_BONA_C1_P1_v1
2018_BONA_2,2018062418,2018,BONA,2018-06-24,D19,CARI,Taiga,D19_BONA_C1_P1_v1
2018_TEAK_3,2018061416,2018,TEAK,2018-06-14,D17,TECR,Pacific Southwest,D17_TEAK_R2_P1_v3
2018_TEAK_3,2018061515,2018,TEAK,2018-06-15,D17,TECR,Pacific Southwest,D17_TEAK_R2_P1_v3
2018_TEAK_3,2018061615,2018,TEAK,2018-06-16,D17,TECR,Pacific Southwest,D17_TEAK_R2_P1_v3
2018_LENO_4,2018042913,2018,LENO,2018-04-29,D08,TOMB,Ozarks Complex,D08_LENO_R2_P1_v1
2018_LENO_4,2018042813,2018,LENO,2018-04-28,D08,TOMB,Ozarks Complex,D08_LENO_R2_P1_v1
2018_TALL_4,2018042716,2018,TALL,2018-04-27,D08,MAYF,Ozarks Complex,D08_TALL_C1_P1_v1
2018_TALL_4,2018042918,2018,TALL,2018-04-29,D08,MAYF,Ozarks Complex,D08_TALL_C1_P1_v1
2018_TALL_4,2018043020,2018,TALL,2018-04-30,D08,MAYF,Ozarks Complex,D08_TALL_C1_P1_v1
2018_OSBS_4,2018100513,2018,OSBS,2018-10-05,D03,BARC,Southeast,D03_OSBS_C1_P1_v1
2018_OSBS_4,2018100513,2018,OSBS,2018-10-05,D03,SUGG,Southeast,D03_OSBS_C1_P1_v1
2018_OSBS_4,2018101214,2018,OSBS,2018-10-12,D03,BARC,Southeast,D03_OSBS_C1_P1_v1
2018_OSBS_4,2018101214,2018,OSBS,2018-10-12,D03,SUGG,Southeast,D03_OSBS_C1_P1_v1
2018_OSBS_4,2018091513,2018,OSBS,2018-09-15,D03,BARC,Southeast,D03_OSBS_C1_P1_v1
2018_OSBS_4,2018091513,2018,OSBS,2018-09-15,D03,SUGG,Southeast,D03_OSBS_C1_P1_v1
2018_MCRA_1,2018071615,2018,MCRA,2018-07-16,D16,MCRA,Pacific Northwest,D16_MCRA_A2_P1_v1
2018_YELL_1,2018072014,2018,YELL,2018-07-20,D12,BLDE,Northern Rockies,D12_YELL_C1_P1_v2
2018_YELL_1,2018070414,2018,YELL,2018-07-04,D12,BLDE,Northern Rockies,D12_YELL_C1_P1_v2
2018_YELL_1,2018070615,2018,YELL,2018-07-06,D12,BLDE,Northern Rockies,D12_YELL_C1_P1_v2
2018_YELL_1,2018070514,2018,YELL,2018-07-05,D12,BLDE,Northern Rockies,D12_YELL_C1_P1_v2
2018_CUPE_1,2018051412,2018,CUPE,2018-05-14,D04,CUPE,Atlantic Neotropical,D04_CUPE_A1_P1_v1
2018_CUPE_1,2018052012,2018,CUPE,2018-05-20,D04,CUPE,Atlantic Neotropical,D04_CUPE_A1_P1_v1
2018_GUIL_1,2018052110,2018,GUIL,2018-05-21,D04,GUIL,Atlantic Neotropical,D04_GUIL_A2_P1_v1
2018_DELA_4,2018043014,2018,DELA,2018-04-30,D08,BLWA,Ozarks Complex,D08_DELA_R1_P1_v1
2018_GRSM_4,2018061612,2018,GRSM,2018-06-16,D07,LECO,Appalachians & Cumberland Plateau,D07_GRSM_R1_P1_all_v1
2018_JERC_4,2018091912,2018,JERC,2018-09-19,D03,FLNT,Southeast,D03_JERC_R2_P1_v1
2018_JERC_4,2018092012,2018,JERC,2018-09-20,D03,FLNT,Southeast,D03_JERC_R2_P1_v1
2018_JERC_4,2018091613,2018,JERC,2018-09-16,D03,FLNT,Southeast,D03_JERC_R2_P1_v1
2018_KONZ_3,2018060513,2018,KONZ,2018-06-05,D06,KING,Prairie Peninsula,D06_KONZ_KONA_C1_P1_v2
2018_KONZ_3,2018053014,2018,KONZ,2018-05-30,D06,KING,Prairie Peninsula,D06_KONZ_KONA_C1_P1_v2
2019_TALL_5,2019042713,2019,TALL,2019-04-27,D08,MAYF,Ozarks Complex,D08_TALL_C1_P1_v1
2019_BLAN_3,2019060113,2019,BLAN,2019-06-01,D02,LEWI,Mid-Atlantic,D02_BLAN_R2_P1_v1
2019_BLAN_3,2019052815,2019,BLAN,2019-05-28,D02,LEWI,Mid-Atlantic,D02_BLAN_R2_P1_v1
2019_KONZ_5,2019071313,2019,KONZ,2019-07-13,D06,KING,Prairie Peninsula,D06_KONZ_KONA_C1_P1_v2
2019_KONZ_5,2019071214,2019,KONZ,2019-07-12,D06,KING,Prairie Peninsula,D06_KONZ_KONA_C1_P1_v2
2019_KONZ_5,2019071613,2019,KONZ,2019-07-16,D06,KING,Prairie Peninsula,D06_KONZ_KONA_C1_P1_v2
2019_KONZ_5,2019071514,2019,KONZ,2019-07-15,D06,KING,Prairie Peninsula,D06_KONZ_KONA_C1_P1_v2
2019_TEAK_4,2019061615,2019,TEAK,2019-06-16,D17,TECR,Pacific Southwest,D17_TEAK_R2_P1_v3
2019_TEAK_4,2019061415,2019,TEAK,2019-06-14,D17,TECR,Pacific Southwest,D17_TEAK_R2_P1_v3
2019_TEAK_4,2019061515,2019,TEAK,2019-06-15,D17,TECR,Pacific Southwest,D17_TEAK_R2_P1_v3
2019_TEAK_4,2019061715,2019,TEAK,2019-06-17,D17,TECR,Pacific Southwest,D17_TEAK_R2_P1_v3
2019_KONZ_4,2019051614,2019,KONZ,2019-05-16,D06,KING,Prairie Peninsula,D06_KONZ_KONA_C1_P1_v2
2019_KONZ_4,2019051713,2019,KONZ,2019-05-17,D06,KING,Prairie Peninsula,D06_KONZ_KONA_C1_P1_v2
2019_KONZ_4,2019052213,2019,KONZ,2019-05-22,D06,KING,Prairie Peninsula,D06_KONZ_KONA_C1_P1_v2
2019_KONZ_4,2019052218,2019,KONZ,2019-05-22,D06,KING,Prairie Peninsula,D06_KONZ_KONA_C1_P1_v2
2019_HOPB_3,2019082613,2019,HOPB,2019-08-26,D01,HOPB,Northeast,D01_HOPB_C1_P2_v1
2019_WREF_3,2019071216,2019,WREF,2019-07-12,D16,MART,Pacific Northwest,D16_WREF_C1_P1_v2
2019_WREF_3,2019071418,2019,WREF,2019-07-14,D16,MART,Pacific Northwest,D16_WREF_C1_P1_v2
2019_WREF_3,2019071222,2019,WREF,2019-07-12,D16,MART,Pacific Northwest,D16_WREF_C1_P1_v2
2019_UNDE_3,2019060617,2019,UNDE,2019-06-06,D05,CRAM,Great Lakes,D05_UNDE_C1_P1_v1
2019_UNDE_3,2019060813,2019,UNDE,2019-06-08,D05,CRAM,Great Lakes,D05_UNDE_C1_P1_v1
2019_YELL_2,2019072020,2019,YELL,2019-07-20,D12,BLDE,Northern Rockies,D12_YELL_C1_P1_v2
2019_YELL_2,2019072114,2019,YELL,2019-07-21,D12,BLDE,Northern Rockies,D12_YELL_C1_P1_v2
2019_YELL_2,2019072014,2019,YELL,2019-07-20,D12,BLDE,Northern Rockies,D12_YELL_C1_P1_v2
2019_YELL_2,2019072214,2019,YELL,2019-07-22,D12,BLDE,Northern Rockies,D12_YELL_C1_P1_v2
2019_YELL_2,2019072514,2019,YELL,2019-07-25,D12,BLDE,Northern Rockies,D12_YELL_C1_P1_v2
2019_WOOD_3,2019072619,2019,WOOD,2019-07-26,D09,PRLA,Northern Plains,D09_WOOD_DCFS_C1_P1_v2
2019_WOOD_3,2019072619,2019,WOOD,2019-07-26,D09,PRPO,Northern Plains,D09_WOOD_DCFS_C1_P1_v2
2019_WOOD_3,2019073118,2019,WOOD,2019-07-31,D09,PRLA,Northern Plains,D09_WOOD_DCFS_C1_P1_v2
2019_WOOD_3,2019073118,2019,WOOD,2019-07-31,D09,PRPO,Northern Plains,D09_WOOD_DCFS_C1_P1_v2
2019_WOOD_3,2019072713,2019,WOOD,2019-07-27,D09,PRLA,Northern Plains,D09_WOOD_DCFS_C1_P1_v2
2019_WOOD_3,2019072713,2019,WOOD,2019-07-27,D09,PRPO,Northern Plains,D09_WOOD_DCFS_C1_P1_v2
2019_WOOD_3,2019072613,2019,WOOD,2019-07-26,D09,PRLA,Northern Plains,D09_WOOD_DCFS_C1_P1_v2
2019_WOOD_3,2019072613,2019,WOOD,2019-07-26,D09,PRPO,Northern Plains,D09_WOOD_DCFS_C1_P1_v2
2019_WOOD_3,2019073014,2019,WOOD,2019-07-30,D09,PRLA,Northern Plains,D09_WOOD_DCFS_C1_P1_v2
2019_WOOD_3,2019073014,2019,WOOD,2019-07-30,D09,PRPO,Northern Plains,D09_WOOD_DCFS_C1_P1_v2
2019_WOOD_3,2019072214,2019,WOOD,2019-07-22,D09,PRLA,Northern Plains,D09_WOOD_DCFS_C1_P1_v2
2019_WOOD_3,2019072214,2019,WOOD,2019-07-22,D09,PRPO,Northern Plains,D09_WOOD_DCFS_C1_P1_v2
2019_REDB_2,2019051014,2019,REDB,2019-05-10,D15,REDB,Great Basin,D15_REDB_A1_P1_v1
2019_JERC_5,2019090713,2019,JERC,2019-09-07,D03,FLNT,Southeast,D03_JERC_R2_P1_v1
2019_JERC_5,2019090613,2019,JERC,2019-09-06,D03,FLNT,Southeast,D03_JERC_R2_P1_v1
2019_JERC_5,2019083017,2019,JERC,2019-08-30,D03,FLNT,Southeast,D03_JERC_R2_P1_v1
2019_JERC_5,2019090619,2019,JERC,2019-09-06,D03,FLNT,Southeast,D03_JERC_R2_P1_v1
2019_NIWO_3,2019081915,2019,NIWO,2019-08-19,D13,COMO,Southern Rockies & Colorado Plateau,D13_NIWO_C1_P1_v2
2019_NIWO_3,2019081515,2019,NIWO,2019-08-15,D13,COMO,Southern Rockies & Colorado Plateau,D13_NIWO_C1_P1_v2
2019_NIWO_3,2019082615,2019,NIWO,2019-08-26,D13,COMO,Southern Rockies & Colorado Plateau,D13_NIWO_C1_P1_v2
2019_NIWO_3,2019081416,2019,NIWO,2019-08-14,D13,COMO,Southern Rockies & Colorado Plateau,D13_NIWO_C1_P1_v2
2019_BONA_3,2019073118,2019,BONA,2019-07-31,D19,CARI,Taiga,D19_BONA_C1_P1_v1
2019_BONA_3,2019081118,2019,BONA,2019-08-11,D19,CARI,Taiga,D19_BONA_C1_P1_v1
2019_WLOU_2,2019082615,2019,WLOU,2019-08-26,D13,WLOU,Southern Rockies & Colorado Plateau,D13_WLOU_A1_P1_v1
2019_SOAP_4,2019061515,2019,SOAP,2019-06-15,D17,BIGC,Pacific Southwest,D17_SOAP_R1_P1_v2
2019_SOAP_4,2019061615,2019,SOAP,2019-06-16,D17,BIGC,Pacific Southwest,D17_SOAP_R1_P1_v2
2019_SOAP_4,2019061115,2019,SOAP,2019-06-11,D17,BIGC,Pacific Southwest,D17_SOAP_R1_P1_v2
2019_SOAP_4,2019061315,2019,SOAP,2019-06-13,D17,BIGC,Pacific Southwest,D17_SOAP_R1_P1_v2
2019_SOAP_4,2019061415,2019,SOAP,2019-06-14,D17,BIGC,Pacific Southwest,D17_SOAP_R1_P1_v2
2019_SYCA_1,2019091215,2019,SYCA,2019-09-12,D14,SYCA,Desert Southwest,D14_SYCA_A1_P1_v2
2019_SCBI_3,2019060113,2019,SCBI,2019-06-01,D02,POSE,Mid-Atlantic,D02_SCBI_C1_P1_v1
2019_SCBI_3,2019052413,2019,SCBI,2019-05-24,D02,POSE,Mid-Atlantic,D02_SCBI_C1_P1_v1
2019_TOOL_3,2019072318,2019,TOOL,2019-07-23,D18,TOOK,Tundra,D18_TOOL_C1_P1_v1
2019_TOOL_3,2019070918,2019,TOOL,2019-07-09,D18,TOOK,Tundra,D18_TOOL_C1_P1_v1
2019_TOOL_3,2019071117,2019,TOOL,2019-07-11,D18,TOOK,Tundra,D18_TOOL_C1_P1_v1
2019_TOOL_3,2019072217,2019,TOOL,2019-07-22,D18,TOOK,Tundra,D18_TOOL_C1_P1_v1
2019_TOOL_3,2019070717,2019,TOOL,2019-07-07,D18,TOOK,Tundra,D18_TOOL_C1_P1_v1
2019_LENO_5,2019050614,2019,LENO,2019-05-06,D08,TOMB,Ozarks Complex,D08_LENO_R2_P1_v1
2019_DELA_5,2019042913,2019,DELA,2019-04-29,D08,BLWA,Ozarks Complex,D08_DELA_R1_P1_v1
2019_OSBS_5,2019041512,2019,OSBS,2019-04-15,D03,BARC,Southeast,D03_OSBS_C1_P1_v1
2019_OSBS_5,2019041512,2019,OSBS,2019-04-15,D03,SUGG,Southeast,D03_OSBS_C1_P1_v1
2019_OSBS_5,2019041612,2019,OSBS,2019-04-16,D03,BARC,Southeast,D03_OSBS_C1_P1_v1
2019_OSBS_5,2019041612,2019,OSBS,2019-04-16,D03,SUGG,Southeast,D03_OSBS_C1_P1_v1
2019_OSBS_5,2019042113,2019,OSBS,2019-04-21,D03,BARC,Southeast,D03_OSBS_C1_P1_v1
2019_OSBS_5,2019042113,2019,OSBS,2019-04-21,D03,SUGG,Southeast,D03_OSBS_C1_P1_v1
2019_OSBS_5,2019042213,2019,OSBS,2019-04-22,D03,BARC,Southeast,D03_OSBS_C1_P1_v1
2019_OSBS_5,2019042213,2019,OSBS,2019-04-22,D03,SUGG,Southeast,D03_OSBS_C1_P1_v1
2020_WLOU_3,2020072914,2020,WLOU,2020-07-29,D13,WLOU,Southern Rockies & Colorado Plateau,D13_WLOU_A1_P1_v1
2020_WLOU_3,2020080714,2020,WLOU,2020-08-07,D13,WLOU,Southern Rockies & Colorado Plateau,D13_WLOU_A1_P1_v1
2020_ARIK_2,2020062014,2020,ARIK,2020-06-20,D10,ARIK,Central Plains,D10_ARIK_A1_P2_v2
2020_ARIK_2,2020061714,2020,ARIK,2020-06-17,D10,ARIK,Central Plains,D10_ARIK_A1_P2_v2
2020_YELL_3,2020070515,2020,YELL,2020-07-05,D12,BLDE,Northern Rockies,D12_YELL_C1_P1_v2
2020_YELL_3,2020070914,2020,YELL,2020-07-09,D12,BLDE,Northern Rockies,D12_YELL_C1_P1_v2
2020_YELL_3,2020070919,2020,YELL,2020-07-09,D12,BLDE,Northern Rockies,D12_YELL_C1_P1_v2
2020_YELL_3,2020071119,2020,YELL,2020-07-11,D12,BLDE,Northern Rockies,D12_YELL_C1_P1_v2
2020_YELL_3,2020070615,2020,YELL,2020-07-06,D12,BLDE,Northern Rockies,D12_YELL_C1_P1_v2
2020_YELL_3,2020071414,2020,YELL,2020-07-14,D12,BLDE,Northern Rockies,D12_YELL_C1_P1_v2
2020_YELL_3,2020071114,2020,YELL,2020-07-11,D12,BLDE,Northern Rockies,D12_YELL_C1_P1_v2
2020_UNDE_4,2020080613,2020,UNDE,2020-08-06,D05,CRAM,Great Lakes,D05_UNDE_C1_P1_v1
2020_UNDE_4,2020081115,2020,UNDE,2020-08-11,D05,CRAM,Great Lakes,D05_UNDE_C1_P1_v1
2020_NIWO_4,2020072014,2020,NIWO,2020-07-20,D13,COMO,Southern Rockies & Colorado Plateau,D13_NIWO_C1_P1_v2
2020_NIWO_4,2020080114,2020,NIWO,2020-08-01,D13,COMO,Southern Rockies & Colorado Plateau,D13_NIWO_C1_P1_v2
2020_NIWO_4,2020080714,2020,NIWO,2020-08-07,D13,COMO,Southern Rockies & Colorado Plateau,D13_NIWO_C1_P1_v2
2020_NIWO_4,2020073114,2020,NIWO,2020-07-31,D13,COMO,Southern Rockies & Colorado Plateau,D13_NIWO_C1_P1_v2
2020_LIRO_2,2020081614,2020,LIRO,2020-08-16,D05,LIRO,Great Lakes,D05_LIRO_A1_P2_v1
2020_KONZ_6,2020070814,2020,KONZ,2020-07-08,D06,KING,Prairie Peninsula,D06_KONZ_KONA_C1_P1_v2
2020_KONZ_6,2020071316,2020,KONZ,2020-07-13,D06,KING,Prairie Peninsula,D06_KONZ_KONA_C1_P1_v2
2020_KONZ_6,2020070714,2020,KONZ,2020-07-07,D06,KING,Prairie Peninsula,D06_KONZ_KONA_C1_P1_v2
2020_KONZ_6,2020071213,2020,KONZ,2020-07-12,D06,KING,Prairie Peninsula,D06_KONZ_KONA_C1_P1_v2
2020_WOOD_4,2020061515,2020,WOOD,2020-06-15,D09,PRLA,Northern Plains,D09_WOOD_DCFS_C1_P1_v2
2020_WOOD_4,2020061515,2020,WOOD,2020-06-15,D09,PRPO,Northern Plains,D09_WOOD_DCFS_C1_P1_v2
2020_WOOD_4,2020062419,2020,WOOD,2020-06-24,D09,PRLA,Northern Plains,D09_WOOD_DCFS_C1_P1_v2
2020_WOOD_4,2020062419,2020,WOOD,2020-06-24,D09,PRPO,Northern Plains,D09_WOOD_DCFS_C1_P1_v2
2020_WOOD_4,2020062413,2020,WOOD,2020-06-24,D09,PRLA,Northern Plains,D09_WOOD_DCFS_C1_P1_v2
2020_WOOD_4,2020062413,2020,WOOD,2020-06-24,D09,PRPO,Northern Plains,D09_WOOD_DCFS_C1_P1_v2
2020_WOOD_4,2020062614,2020,WOOD,2020-06-26,D09,PRLA,Northern Plains,D09_WOOD_DCFS_C1_P1_v2
2020_WOOD_4,2020062614,2020,WOOD,2020-06-26,D09,PRPO,Northern Plains,D09_WOOD_DCFS_C1_P1_v2
2020_WOOD_4,2020070214,2020,WOOD,2020-07-02,D09,PRLA,Northern Plains,D09_WOOD_DCFS_C1_P1_v2
2020_WOOD_4,2020070214,2020,WOOD,2020-07-02,D09,PRPO,Northern Plains,D09_WOOD_DCFS_C1_P1_v2
2020_MCDI_2,2020071316,2020,MCDI,2020-07-13,D06,MCDI,Prairie Peninsula,D06_MCDI_C1_P2_v1
